reservation_id,probabilite_annulation,reservation_annulee
R002267,0.296701,0
R002852,0.226598,0
R003752,0.574951,1
R009926,0.490161,1
R000141,0.459359,1
R004537,0.432393,1
R004983,0.346676,1
R005365,0.352251,1
R006971,0.450225,1
R008403,0.604072,1
R008416,0.758338,1
R009595,0.295814,0
R009766,0.735659,1
R000233,0.165803,0
R000625,0.475211,1
R002042,0.549114,1
R003015,0.52943,1
R003117,0.325746,0
R003148,0.343787,1
R003676,0.182604,0
R006636,0.516576,1
R008171,0.20558,0
R002243,0.380701,1
R002302,0.477893,1
R002359,0.444126,1
R002654,0.17503,0
R003221,0.470835,1
R003380,0.455532,1
R004049,0.424969,1
R008147,0.542491,1
R009760,0.315425,0
R000979,0.565641,1
R003368,0.5539,1
R009905,0.523514,1
R002964,0.155173,0
R003403,0.563471,1
R003712,0.250735,0
R004881,0.244697,0
R006924,0.230349,0
R008031,0.204248,0
R009437,0.299165,0
R000644,0.563105,1
R002676,0.211541,0
R003419,0.218846,0
R005008,0.435114,1
R005401,0.53166,1
R005804,0.505009,1
R007627,0.208958,0
R007851,0.412101,1
R000525,0.629448,1
R002285,0.511375,1
R003011,0.238815,0
R004110,0.223962,0
R004282,0.185532,0
R004532,0.365859,1
R004992,0.124509,0
R009219,0.2609,0
R009479,0.164293,0
R009731,0.428061,1
R003408,0.502991,1
R004766,0.249177,0
R005476,0.156754,0
R009380,0.535871,1
R000792,0.177555,0
R001704,0.613851,1
R004631,0.46422,1
R005547,0.262147,0
R006305,0.301842,0
R008428,0.488616,1
R009641,0.162142,0
R000736,0.146928,0
R001176,0.553722,1
R002092,0.424387,1
R005356,0.525309,1
R007599,0.508817,1
R007696,0.39672,1
R007792,0.47838,1
R007832,0.485019,1
R008743,0.250574,0
R009077,0.218652,0
R009886,0.386115,1
R000268,0.544147,1
R004304,0.462768,1
R004455,0.499911,1
R005150,0.182436,0
R007424,0.152188,0
R004557,0.55514,1
R007129,0.275049,0
R007311,0.463998,1
R008725,0.339706,1
R008814,0.535586,1
R009426,0.39122,1
R000064,0.363891,1
R001270,0.448114,1
R002221,0.43832,1
R003274,0.560479,1
R007834,0.15364,0
R007847,0.520267,1
R008511,0.12456,0
R009727,0.21455,0
R001899,0.5137,1
R003259,0.274964,0
R003570,0.333675,1
R003800,0.306236,0
R005121,0.459863,1
R006029,0.459683,1
R006602,0.262217,0
R007495,0.341708,1
R009482,0.310315,0
R009883,0.527361,1
R001083,0.527019,1
R002503,0.359383,1
R002530,0.347325,1
R002531,0.153338,0
R004210,0.5696,1
R005248,0.596968,1
R006536,0.502751,1
R006819,0.29951,0
R008672,0.358863,1
R009043,0.303038,0
R009454,0.479816,1
R000662,0.570235,1
R002687,0.090247,0
R002940,0.735857,1
R003028,0.586101,1
R003673,0.422337,1
R005329,0.429439,1
R005607,0.536536,1
R001350,0.454109,1
R002425,0.499155,1
R002490,0.567355,1
R003061,0.131596,0
R003184,0.611884,1
R003367,0.20864,0
R003580,0.235975,0
R005333,0.545618,1
R006410,0.560758,1
R006745,0.526346,1
R008301,0.29658,0
R009668,0.357799,1
R001885,0.23077,0
R003843,0.402721,1
R006975,0.399288,1
R007622,0.472885,1
R008314,0.320307,0
R000576,0.514384,1
R000643,0.579445,1
R001751,0.208513,0
R002644,0.203431,0
R002915,0.401408,1
R004055,0.436841,1
R004080,0.219042,0
R004396,0.191223,0
R004487,0.224354,0
R004764,0.539542,1
R009236,0.351879,1
R009248,0.237797,0
R000868,0.113766,0
R001921,0.440896,1
R001980,0.218339,0
R003255,0.201938,0
R003352,0.605419,1
R004781,0.496072,1
R005451,0.505212,1
R008598,0.484393,1
R009008,0.441979,1
R009902,0.27178,0
R000840,0.182763,0
R004985,0.272541,0
R006216,0.566357,1
R006436,0.444494,1
R006517,0.304931,0
R007029,0.278078,0
R008694,0.571738,1
R009709,0.492601,1
R000053,0.217697,0
R001524,0.405622,1
R002217,0.237742,0
R003284,0.253581,0
R004852,0.237909,0
R006952,0.534374,1
R008413,0.311198,0
R009491,0.352248,1
R009891,0.381475,1
R000075,0.34985,1
R001443,0.412396,1
R001716,0.251804,0
R002219,0.127124,0
R003736,0.352387,1
R004279,0.454708,1
R005263,0.509073,1
R005940,0.389099,1
R006181,0.426595,1
R006240,0.473636,1
R006655,0.512454,1
R006996,0.553842,1
R007158,0.137211,0
R008257,0.224005,0
R001596,0.549364,1
R001679,0.208229,0
R003841,0.405052,1
R006340,0.45991,1
R007191,0.219459,0
R007815,0.387962,1
R008658,0.475996,1
R009907,0.477871,1
R009942,0.201522,0
R000237,0.316203,0
R000785,0.382438,1
R001208,0.281359,0
R001392,0.340646,1
R002478,0.174653,0
R003276,0.399166,1
R006442,0.326659,0
R007884,0.097046,0
R001513,0.321679,0
R002750,0.483943,1
R004480,0.43992,1
R004553,0.178917,0
R004966,0.22284,0
R005428,0.39387,1
R005716,0.505395,1
R006689,0.414971,1
R000301,0.494571,1
R001480,0.176879,0
R002874,0.297933,0
R002886,0.289861,0
R004994,0.496947,1
R006983,0.426457,1
R007743,0.474583,1
R008452,0.436442,1
R000114,0.105368,0
R003883,0.193251,0
R004393,0.616287,1
R004428,0.542089,1
R000405,0.515973,1
R001500,0.271122,0
R004001,0.475596,1
R004775,0.166486,0
R004956,0.122761,0
R006185,0.573737,1
R007996,0.223805,0
R008152,0.703937,1
R000292,0.406687,1
R001776,0.383824,1
R003776,0.586063,1
R004267,0.51621,1
R004402,0.156692,0
R004464,0.08588,0
R004736,0.231688,0
R005907,0.167737,0
R007594,0.595357,1
R007849,0.494815,1
R008701,0.520964,1
R000189,0.496194,1
R002993,0.202766,0
R004807,0.463651,1
R005911,0.234375,0
R006087,0.216246,0
R007408,0.330058,1
R007650,0.40729,1
R007983,0.317478,0
R009958,0.57257,1
R001614,0.293777,0
R002724,0.48903,1
R005149,0.16277,0
R006102,0.277071,0
R006813,0.564023,1
R008040,0.349202,1
R009103,0.2629,0
R009992,0.551097,1
R003647,0.168463,0
R006561,0.438407,1
R007852,0.184053,0
R007868,0.309012,0
R008491,0.38957,1
R008492,0.294678,0
R009222,0.213246,0
R001695,0.432082,1
R003579,0.445771,1
R004262,0.131967,0
R007818,0.605496,1
R008813,0.411564,1
R008825,0.48164,1
R008985,0.455569,1
R000288,0.387757,1
R000439,0.174076,0
R001522,0.379962,1
R003381,0.097534,0
R004522,0.429353,1
R009508,0.216194,0
R000853,0.464901,1
R001002,0.3967,1
R002642,0.448189,1
R006706,0.438559,1
R006959,0.312848,0
R009334,0.465444,1
R009553,0.18681,0
R000134,0.505873,1
R000854,0.114026,0
R001803,0.553902,1
R003302,0.45316,1
R005425,0.395442,1
R005552,0.404634,1
R008114,0.633204,1
R009787,0.416981,1
R009836,0.548846,1
R009889,0.440453,1
R009896,0.373573,1
R001429,0.466468,1
R004718,0.202655,0
R005411,0.268009,0
R005914,0.095828,0
R005941,0.382331,1
R007500,0.491498,1
R001983,0.218233,0
R002813,0.430035,1
R003430,0.286904,0
R005067,0.338677,1
R006452,0.468214,1
R006587,0.454003,1
R006889,0.112809,0
R006986,0.439405,1
R008718,0.314921,0
R008758,0.44266,1
R000287,0.298113,0
R001583,0.520503,1
R001995,0.24681,0
R002518,0.216843,0
R002522,0.420264,1
R003667,0.561053,1
R004177,0.512674,1
R004820,0.408511,1
R005244,0.614072,1
R005653,0.511267,1
R008122,0.24117,0
R008245,0.406157,1
R008394,0.392926,1
R001709,0.744987,1
R003083,0.452349,1
R003852,0.569266,1
R004333,0.575521,1
R007999,0.53425,1
R008312,0.150447,0
R009879,0.367859,1
R000056,0.454079,1
R000121,0.39891,1
R002149,0.265318,0
R004459,0.422779,1
R006054,0.439109,1
R000006,0.516668,1
R000042,0.414861,1
R001033,0.505259,1
R001219,0.586505,1
R003132,0.303202,0
R003554,0.106368,0
R003815,0.464344,1
R003851,0.484767,1
R003927,0.45965,1
R004313,0.188338,0
R004405,0.400989,1
R005052,0.629369,1
R006055,0.630512,1
R006125,0.466891,1
R006273,0.303215,0
R006384,0.479716,1
R006693,0.321243,0
R007836,0.230902,0
R008282,0.355029,1
R009885,0.078239,0
R001021,0.439067,1
R001188,0.347137,1
R001985,0.328078,0
R002878,0.428182,1
R003681,0.433372,1
R005820,0.541958,1
R007519,0.190251,0
R009492,0.607718,1
R009821,0.402875,1
R000593,0.413525,1
R000733,0.516528,1
R001172,0.460044,1
R001379,0.589284,1
R001951,0.144809,0
R002641,0.480267,1
R003183,0.401735,1
R004265,0.431087,1
R006712,0.64014,1
R009588,0.446462,1
R000059,0.158702,0
R000265,0.487178,1
R000406,0.522582,1
R001641,0.09908,0
R002352,0.575005,1
R004559,0.509729,1
R005783,0.189505,0
R006534,0.263913,0
R009531,0.348517,1
R000081,0.239206,0
R000186,0.335711,1
R001027,0.132087,0
R002782,0.200992,0
R002807,0.53237,1
R002838,0.322328,0
R003817,0.416574,1
R004359,0.301494,0
R004373,0.274114,0
R005063,0.431397,1
R006206,0.198421,0
R006514,0.56458,1
R007661,0.374513,1
R009789,0.438859,1
R003606,0.439967,1
R004092,0.471034,1
R004179,0.543364,1
R006223,0.428899,1
R006943,0.560788,1
R008244,0.472717,1
R008408,0.206729,0
R008921,0.396287,1
R009096,0.084142,0
R000528,0.430747,1
R001812,0.48342,1
R001986,0.140802,0
R002034,0.344565,1
R004250,0.248106,0
R004385,0.497441,1
R007702,0.350652,1
R007720,0.400671,1
R008759,0.344032,1
R008768,0.462937,1
R009030,0.443997,1
R009119,0.470456,1
R000388,0.484786,1
R002228,0.332604,1
R002646,0.536046,1
R002901,0.411508,1
R003341,0.477723,1
R004716,0.170796,0
R007185,0.284219,0
R008060,0.226926,0
R008812,0.223571,0
R000182,0.368904,1
R000417,0.494604,1
R000565,0.386815,1
R000626,0.237722,0
R002507,0.431133,1
R002761,0.44908,1
R003251,0.359767,1
R004946,0.629759,1
R006362,0.441366,1
R006678,0.537109,1
R006915,0.324199,0
R006941,0.313491,0
R007205,0.161197,0
R008850,0.521926,1
R009386,0.285846,0
R009973,0.425519,1
R000737,0.337218,1
R002543,0.4915,1
R004297,0.385451,1
R005903,0.413351,1
R006277,0.435913,1
R008753,0.485357,1
R009173,0.261209,0
R009950,0.307798,0
R000726,0.558891,1
R001032,0.54952,1
R002906,0.524617,1
R004273,0.13,0
R004707,0.546225,1
R004891,0.279895,0
R005925,0.45095,1
R006342,0.431286,1
R006657,0.553388,1
R009682,0.525067,1
R000524,0.615406,1
R000554,0.239829,0
R000911,0.10734,0
R001526,0.465706,1
R001842,0.243258,0
R002966,0.298083,0
R003710,0.516487,1
R004912,0.584963,1
R004959,0.383176,1
R005482,0.520632,1
R006043,0.487924,1
R006543,0.179589,0
R007614,0.338445,1
R009844,0.510977,1
R001280,0.508788,1
R001377,0.394552,1
R001939,0.364269,1
R002971,0.570021,1
R005104,0.42698,1
R006298,0.291153,0
R006396,0.242067,0
R007563,0.317602,0
R009825,0.266796,0
R001250,0.579321,1
R003155,0.529863,1
R003829,0.530432,1
R004430,0.437931,1
R006139,0.552025,1
R004018,0.502649,1
R004346,0.256721,0
R007580,0.378392,1
R008207,0.445775,1
R009389,0.474798,1
R009827,0.438001,1
R001011,0.224746,0
R001563,0.148844,0
R002150,0.11048,0
R003609,0.457126,1
R004510,0.258515,0
R006300,0.46172,1
R008055,0.29938,0
R008521,0.104219,0
R000544,0.297998,0
R000658,0.463738,1
R001100,0.384641,1
R001710,0.486824,1
R002002,0.355737,1
R006201,0.47481,1
R008251,0.495927,1
R000153,0.511536,1
R002247,0.594935,1
R003268,0.439463,1
R003908,0.49252,1
R004281,0.520394,1
R005728,0.194859,0
R006033,0.41034,1
R007039,0.368652,1
R009135,0.43346,1
R009818,0.561349,1
R001020,0.578103,1
R001093,0.372975,1
R003176,0.378409,1
R004068,0.420863,1
R004320,0.283216,0
R004568,0.385982,1
R006016,0.31864,0
R007087,0.32482,0
R007770,0.373516,1
R001137,0.371789,1
R001374,0.398751,1
R001736,0.393712,1
R001769,0.268554,0
R002871,0.42243,1
R006373,0.268346,0
R006509,0.44429,1
R008047,0.442896,1
R008951,0.194311,0
R009806,0.118571,0
R000365,0.577863,1
R000384,0.552749,1
R001877,0.360529,1
R003103,0.286169,0
R003517,0.495513,1
R005584,0.54528,1
R006690,0.134219,0
R007826,0.257545,0
R008724,0.489007,1
R009406,0.466481,1
R009549,0.41503,1
R001122,0.158721,0
R002597,0.491013,1
R002847,0.12571,0
R003382,0.549095,1
R006754,0.527422,1
R001341,0.461523,1
R001767,0.151671,0
R003393,0.545109,1
R008818,0.436644,1
R008908,0.436689,1
R009649,0.340794,1
R000196,0.15991,0
R001582,0.265076,0
R002305,0.102088,0
R003135,0.416548,1
R007075,0.471381,1
R008795,0.245276,0
R009133,0.207683,0
R002963,0.371304,1
R002970,0.172211,0
R004978,0.46377,1
R005840,0.401458,1
R006837,0.412657,1
R007301,0.3642,1
R008170,0.214527,0
R009225,0.317605,0
R000357,0.47191,1
R000457,0.467078,1
R001490,0.526596,1
R001547,0.630567,1
R002086,0.477398,1
R003072,0.568716,1
R003355,0.233792,0
R003806,0.475792,1
R004242,0.382491,1
R005418,0.410292,1
R006468,0.430181,1
R007455,0.181385,0
R007493,0.146863,0
R007680,0.479182,1
R008426,0.444143,1
R009582,0.41241,1
R009664,0.170711,0
R001046,0.12975,0
R002236,0.499724,1
R002582,0.191891,0
R002952,0.128682,0
R005674,0.329948,0
R005899,0.461401,1
R006316,0.37551,1
R006411,0.390409,1
R007370,0.520758,1
R007525,0.518119,1
R007768,0.31349,0
R007923,0.444343,1
R008592,0.269193,0
R009365,0.133582,0
R009831,0.209964,0
R001945,0.375861,1
R003945,0.151413,0
R004020,0.429783,1
R004589,0.223929,0
R005934,0.282944,0
R006177,0.328092,0
R008071,0.398783,1
R008313,0.454881,1
R009025,0.529031,1
R009210,0.277592,0
R001527,0.140262,0
R002079,0.565078,1
R002322,0.391218,1
R004884,0.581391,1
R007323,0.525052,1
R008250,0.694669,1
R008580,0.504326,1
R001354,0.534042,1
R002934,0.165361,0
R005750,0.298424,0
R006013,0.498275,1
R008675,0.246832,0
R008695,0.263798,0
R008884,0.469333,1
R002240,0.50724,1
R002268,0.176183,0
R002590,0.539396,1
R002891,0.41506,1
R003314,0.426839,1
R003470,0.493106,1
R005026,0.528818,1
R006417,0.399135,1
R006613,0.584656,1
R007044,0.505346,1
R008061,0.276184,0
R009163,0.283092,0
R004317,0.496383,1
R005298,0.407363,1
R006354,0.554614,1
R007164,0.41768,1
R007325,0.396607,1
R009323,0.376494,1
R002483,0.466702,1
R002801,0.313578,0
R005032,0.389502,1
R006454,0.481273,1
R006872,0.222671,0
R008331,0.567789,1
R009152,0.319223,0
R009522,0.150971,0
R009669,0.251458,0
R009711,0.122572,0
R001047,0.301259,0
R001662,0.532569,1
R002357,0.501904,1
R005377,0.459535,1
R005395,0.558371,1
R006978,0.454239,1
R000987,0.219039,0
R001584,0.347372,1
R002677,0.454125,1
R002785,0.501736,1
R003214,0.489285,1
R004211,0.265497,0
R007879,0.138692,0
R008086,0.150712,0
R008666,0.556838,1
R008740,0.453381,1
R009644,0.505208,1
R000739,0.463267,1
R003457,0.366761,1
R003964,0.416996,1
R004739,0.241588,0
R005053,0.302056,0
R006218,0.542704,1
R008938,0.230982,0
R009570,0.412003,1
R009589,0.415774,1
R002402,0.509491,1
R003172,0.299512,0
R003340,0.553688,1
R003445,0.542859,1
R003597,0.461141,1
R004391,0.182945,0
R005457,0.531679,1
R005551,0.412671,1
R006256,0.431415,1
R009185,0.413461,1
R000722,0.238633,0
R000749,0.619871,1
R000989,0.419096,1
R001082,0.438611,1
R001740,0.2066,0
R002423,0.494583,1
R002429,0.495915,1
R005353,0.308694,0
R005897,0.454588,1
R006255,0.18508,0
R006614,0.503209,1
R009355,0.404713,1
R009448,0.400806,1
R001428,0.362815,1
R002420,0.437555,1
R005281,0.103102,0
R006654,0.326105,0
R008233,0.615545,1
R008781,0.296618,0
R009390,0.541602,1
R000799,0.482556,1
R002037,0.181706,0
R002453,0.530325,1
R002996,0.233952,0
R004563,0.269289,0
R004661,0.472027,1
R005133,0.141861,0
R006459,0.147857,0
R007008,0.362728,1
R008270,0.50119,1
R000548,0.285074,0
R001263,0.320406,0
R001267,0.523882,1
R001755,0.237089,0
R002122,0.307468,0
R002904,0.219523,0
R003262,0.269302,0
R004039,0.603734,1
R004089,0.216028,0
R004278,0.414278,1
R004574,0.438166,1
R005947,0.411859,1
R006237,0.528584,1
R006665,0.447252,1
R008594,0.226445,0
R008649,0.37751,1
R000034,0.470825,1
R001783,0.150288,0
R001953,0.417822,1
R002881,0.537729,1
R004776,0.462351,1
R005078,0.20355,0
R006343,0.460375,1
R006616,0.46439,1
R007038,0.451219,1
R008212,0.194773,0
R002648,0.524844,1
R002959,0.445167,1
R003462,0.463186,1
R004375,0.299605,0
R005355,0.247298,0
R006412,0.484107,1
R008258,0.498251,1
R009951,0.366279,1
R001822,0.33976,1
R001981,0.5455,1
R002805,0.375995,1
R003418,0.465409,1
R006530,0.324335,0
R007422,0.326269,0
R000423,0.525776,1
R001186,0.144878,0
R001378,0.170295,0
R002301,0.380804,1
R002630,0.132375,0
R003663,0.234793,0
R003808,0.400111,1
R004650,0.108627,0
R004747,0.544578,1
R005553,0.379604,1
R006532,0.184536,0
R006799,0.523231,1
R007116,0.40369,1
R009379,0.380727,1
R000965,0.101646,0
R001119,0.421596,1
R001318,0.206485,0
R001937,0.494502,1
R002253,0.140074,0
R003782,0.332541,1
R003890,0.496247,1
R004152,0.071019,0
R006877,0.335781,1
R007210,0.414578,1
R008128,0.464976,1
R008151,0.494801,1
R009201,0.324175,0
R009847,0.280397,0
R000560,0.381995,1
R003288,0.359243,1
R003869,0.129529,0
R004048,0.235809,0
R004306,0.244849,0
R004632,0.384691,1
R006047,0.458305,1
R006359,0.344096,1
R008179,0.418969,1
R009577,0.40986,1
R009758,0.273191,0
R002931,0.155962,0
R002944,0.417859,1
R005807,0.385148,1
R006088,0.289668,0
R009784,0.245467,0
R000090,0.662518,1
R000852,0.504089,1
R001286,0.335629,1
R001322,0.169062,0
R003180,0.525558,1
R003258,0.234948,0
R003899,0.415067,1
R005730,0.380996,1
R006428,0.558954,1
R006933,0.105461,0
R008382,0.440694,1
R009563,0.261817,0
R000514,0.36312,1
R000556,0.434796,1
R005456,0.265473,0
R006421,0.225567,0
R007830,0.243317,0
R008283,0.454004,1
R008601,0.221724,0
R009465,0.259715,0
R000067,0.447322,1
R000703,0.727988,1
R001059,0.520855,1
R002035,0.542972,1
R002855,0.338827,1
R003203,0.374834,1
R005233,0.53921,1
R006162,0.187792,0
R006224,0.145771,0
R006863,0.479223,1
R008172,0.741001,1
R008637,0.523394,1
R009316,0.453963,1
R009344,0.385539,1
R002440,0.58099,1
R002689,0.522324,1
R004512,0.445962,1
R006176,0.209687,0
R006835,0.427187,1
R006958,0.456122,1
R007057,0.175116,0
R008074,0.386554,1
R008696,0.108826,0
R000296,0.464706,1
R002148,0.440499,1
R003060,0.394613,1
R003201,0.550319,1
R003887,0.284423,0
R004577,0.418335,1
R005595,0.4893,1
R006499,0.168715,0
R008177,0.29988,0
R009116,0.28949,0
R009347,0.660192,1
R009750,0.194449,0
R000018,0.435242,1
R000200,0.379286,1
R002872,0.12557,0
R003508,0.208479,0
R004169,0.538431,1
R004207,0.592834,1
R004828,0.220438,0
R006286,0.55092,1
R004497,0.503595,1
R006311,0.36028,1
R008121,0.192142,0
R008843,0.256016,0
R008846,0.126689,0
R009050,0.479244,1
R009063,0.509875,1
R009584,0.26675,0
R009707,0.387704,1
R001461,0.229217,0
R001542,0.475776,1
R005689,0.287905,0
R005731,0.158654,0
R007281,0.331376,1
R007675,0.359764,1
R008390,0.196219,0
R009020,0.36971,1
R000143,0.098701,0
R000903,0.474835,1
R001476,0.401875,1
R002246,0.196323,0
R002459,0.488023,1
R002479,0.331547,1
R002978,0.513482,1
R003553,0.355388,1
R004501,0.342945,1
R004701,0.525237,1
R005594,0.368714,1
R006400,0.164658,0
R007024,0.157504,0
R008853,0.338479,1
R009045,0.438934,1
R009908,0.483152,1
R000069,0.171,0
R003104,0.497696,1
R005349,0.242925,0
R006686,0.349245,1
R008575,0.365573,1
R009088,0.36985,1
R009182,0.1458,0
R000575,0.093237,0
R001996,0.473427,1
R003397,0.336801,1
R004021,0.448307,1
R004263,0.475002,1
R004540,0.281607,0
R004737,0.330402,1
R005705,0.243503,0
R005754,0.238316,0
R006325,0.148275,0
R000073,0.145678,0
R000994,0.357341,1
R004792,0.182734,0
R004875,0.508399,1
R005278,0.283268,0
R007373,0.483775,1
R007487,0.150916,0
R008719,0.533216,1
R008869,0.181015,0
R009305,0.297251,0
R001151,0.207669,0
R001340,0.320152,0
R003080,0.544815,1
R003879,0.417961,1
R004162,0.295119,0
R004368,0.358774,1
R005106,0.516059,1
R007251,0.469513,1
R009970,0.382112,1
R003098,0.592204,1
R003867,0.500628,1
R004066,0.37471,1
R004188,0.406909,1
R004192,0.358261,1
R005442,0.276213,0
R005453,0.581759,1
R005567,0.47678,1
R005805,0.549629,1
R007579,0.325581,0
R008124,0.421057,1
R009366,0.479651,1
R009676,0.45703,1
R009710,0.51394,1
R000026,0.202396,0
R002054,0.300364,0
R002656,0.143874,0
R003157,0.525986,1
R004108,0.606896,1
R004142,0.316355,0
R004322,0.128625,0
R005978,0.334039,1
R007368,0.204017,0
R007899,0.346894,1
R008805,0.274283,0
R000226,0.275929,0
R000247,0.227022,0
R000433,0.144208,0
R002016,0.154486,0
R003718,0.163003,0
R005835,0.247225,0
R007776,0.194267,0
R007881,0.567123,1
R008410,0.564578,1
R009934,0.393462,1
R001170,0.381863,1
R001919,0.213169,0
R001967,0.355958,1
R005951,0.579918,1
R006723,0.414191,1
R008044,0.386956,1
R000564,0.218501,0
R001455,0.293848,0
R006235,0.374138,1
R006695,0.411619,1
R008202,0.521941,1
R000680,0.562004,1
R001160,0.334046,1
R001765,0.584192,1
R002740,0.379221,1
R006882,0.375826,1
R006981,0.437886,1
R007955,0.374854,1
R009081,0.176076,0
R001586,0.483018,1
R003550,0.188145,0
R003689,0.510995,1
R004182,0.152516,0
R004240,0.540134,1
R005211,0.406907,1
R007201,0.29606,0
R007407,0.232747,0
R007801,0.522091,1
R008085,0.536026,1
R008765,0.391868,1
R009487,0.189138,0
R000649,0.261322,0
R003066,0.317247,0
R003159,0.118376,0
R004973,0.432033,1
R005511,0.323659,0
R005760,0.302667,0
R006791,0.352364,1
R008294,0.194774,0
R008296,0.22366,0
R008671,0.412745,1
R002586,0.467753,1
R003427,0.458293,1
R003794,0.173341,0
R004008,0.202033,0
R004019,0.244467,0
R005954,0.104474,0
R006617,0.768341,1
R006676,0.145515,0
R007183,0.428207,1
R009327,0.234484,0
R000070,0.451066,1
R000825,0.296471,0
R001660,0.245983,0
R003102,0.342885,1
R004687,0.464429,1
R005968,0.264442,0
R006942,0.47614,1
R007346,0.25963,0
R008722,0.369393,1
R000861,0.498252,1
R002114,0.526212,1
R003356,0.53093,1
R005016,0.420513,1
R005905,0.193443,0
R005906,0.27096,0
R008723,0.196931,0
R009349,0.126525,0
R000812,0.429505,1
R002207,0.326059,0
R002316,0.408014,1
R002486,0.372608,1
R004222,0.711342,1
R004850,0.494797,1
R005935,0.583474,1
R006622,0.542235,1
R007824,0.261608,0
R008036,0.509991,1
R000945,0.258469,0
R001516,0.508499,1
R003079,0.396098,1
R003761,0.223629,0
R005030,0.366668,1
R005733,0.491436,1
R007389,0.412126,1
R007492,0.145154,0
R008033,0.479444,1
R008169,0.28492,0
R009618,0.279233,0
R000470,0.474539,1
R001104,0.12616,0
R002248,0.153317,0
R003329,0.193782,0
R007667,0.615756,1
R001144,0.269115,0
R002295,0.227385,0
R002577,0.153091,0
R006767,0.505884,1
R008162,0.095849,0
R008670,0.631024,1
R009523,0.384286,1
R009856,0.227296,0
R000483,0.184053,0
R001733,0.390109,1
R002201,0.194233,0
R002448,0.362988,1
R003790,0.546,1
R006106,0.119787,0
R006890,0.409288,1
R007142,0.384831,1
R007856,0.304,0
R009526,0.27616,0
R002249,0.25662,0
R003186,0.272226,0
R006166,0.550258,1
R006221,0.506173,1
R006251,0.388721,1
R007001,0.194365,0
R009499,0.311429,0
R002287,0.167815,0
R002318,0.492561,1
R002770,0.544764,1
R002896,0.352587,1
R003758,0.196355,0
R004475,0.154435,0
R004674,0.347782,1
R006128,0.433111,1
R007676,0.477616,1
R007946,0.39348,1
R008539,0.526431,1
R008593,0.197291,0
R008716,0.369317,1
R008777,0.379351,1
R008791,0.1188,0
R009035,0.543773,1
R000091,0.290703,0
R000398,0.492313,1
R001175,0.156077,0
R005317,0.169317,0
R005546,0.194066,0
R005633,0.377803,1
R008630,0.206756,0
R008988,0.295094,0
R000765,0.535158,1
R001829,0.280979,0
R002120,0.163079,0
R003930,0.262815,0
R006239,0.260375,0
R007432,0.348972,1
R007907,0.375119,1
R008364,0.579786,1
R009258,0.241929,0
R000240,0.365001,1
R000912,0.23264,0
R006155,0.420732,1
R006287,0.144378,0
R008680,0.201766,0
R009314,0.189987,0
R009532,0.651051,1
R001914,0.265693,0
R002229,0.301202,0
R002361,0.216864,0
R003917,0.226952,0
R005836,0.334893,1
R005992,0.604383,1
R007914,0.448155,1
R000919,0.382453,1
R001307,0.24816,0
R001400,0.085151,0
R001537,0.23283,0
R001637,0.211021,0
R002447,0.228773,0
R002691,0.515407,1
R005253,0.495635,1
R005625,0.48601,1
R009937,0.5705,1
R009978,0.447629,1
R000317,0.521566,1
R000578,0.187266,0
R001502,0.38934,1
R001711,0.539765,1
R003277,0.296018,0
R003915,0.425064,1
R005600,0.177521,0
R006771,0.388075,1
R008968,0.345201,1
R009075,0.2788,0
R009168,0.551337,1
R009764,0.152428,0
R000934,0.392056,1
R003147,0.547001,1
R003230,0.597284,1
R007891,0.510153,1
R008714,0.575274,1
R001433,0.589864,1
R003901,0.436278,1
R004155,0.230516,0
R005996,0.405867,1
R006900,0.282426,0
R007081,0.392135,1
R007250,0.482081,1
R001396,0.3008,0
R003459,0.482016,1
R005337,0.30115,0
R000185,0.241214,0
R000426,0.341835,1
R000588,0.498783,1
R000589,0.286361,0
R000776,0.425075,1
R000885,0.403346,1
R001373,0.142213,0
R001403,0.316199,0
R001610,0.157396,0
R002143,0.520554,1
R004521,0.18804,0
R005960,0.367189,1
R007247,0.525158,1
R008438,0.150718,0
R009674,0.311658,0
R000341,0.531111,1
R000487,0.566203,1
R001085,0.39687,1
R003003,0.184981,0
R003561,0.38544,1
R004070,0.468172,1
R004147,0.468062,1
R004918,0.303177,0
R005170,0.1378,0
R005225,0.345604,1
R006934,0.376958,1
R007071,0.332935,1
R008875,0.161006,0
R000005,0.521901,1
R000600,0.539154,1
R002809,0.46212,1
R002869,0.299945,0
R003254,0.671703,1
R005572,0.567803,1
R006053,0.43357,1
R001726,0.365538,1
R002029,0.265266,0
R002110,0.282756,0
R002474,0.321636,0
R003051,0.484823,1
R003785,0.376159,1
R004036,0.139781,0
R005341,0.426158,1
R005533,0.554612,1
R006521,0.489016,1
R008067,0.267191,0
R009243,0.174352,0
R000709,0.393308,1
R000887,0.576391,1
R002064,0.585554,1
R002491,0.550577,1
R003433,0.304676,0
R003959,0.339925,1
R008218,0.236597,0
R008643,0.32795,0
R000898,0.491479,1
R001299,0.431208,1
R001672,0.575005,1
R002220,0.223852,0
R002266,0.191708,0
R002853,0.159955,0
R004844,0.291485,0
R005491,0.307548,0
R006792,0.472062,1
R001079,0.468225,1
R001608,0.078491,0
R001721,0.381815,1
R001778,0.478987,1
R003827,0.379125,1
R003911,0.50801,1
R005799,0.091536,0
R007189,0.567674,1
R007643,0.514302,1
R008623,0.550554,1
R000555,0.316439,0
R001498,0.33745,1
R001625,0.08482,0
R004302,0.348295,1
R006369,0.535898,1
R006957,0.318929,0
R007878,0.328071,0
R008434,0.350268,1
R008823,0.295671,0
R009170,0.566046,1
R009705,0.240182,0
R001870,0.541639,1
R002123,0.23178,0
R002255,0.601625,1
R003909,0.503256,1
R005231,0.450012,1
R005801,0.502014,1
R005981,0.463765,1
R006859,0.502942,1
R009403,0.315554,0
R009528,0.328242,0
R009808,0.547138,1
R001987,0.168513,0
R005443,0.4319,1
R006743,0.248028,0
R007262,0.399513,1
R007611,0.501956,1
R009620,0.402608,1
R000094,0.428677,1
R000285,0.562013,1
R000771,0.070054,0
R001130,0.522028,1
R001402,0.186245,0
R001703,0.475824,1
R001904,0.359804,1
R002371,0.416561,1
R002563,0.167444,0
R004154,0.423368,1
R007928,0.515499,1
R007968,0.295531,0
R008285,0.536213,1
R000599,0.21064,0
R000769,0.397316,1
R002250,0.367393,1
R003687,0.216936,0
R007629,0.084658,0
R008278,0.668019,1
R001988,0.497032,1
R002094,0.60728,1
R003252,0.299428,0
R003521,0.357429,1
R003737,0.149357,0
R006302,0.381006,1
R006852,0.137012,0
R009427,0.20664,0
R000413,0.420496,1
R004045,0.209343,0
R005623,0.146487,0
R005668,0.23949,0
R006506,0.525979,1
R007855,0.520724,1
R008687,0.338778,1
R009146,0.577129,1
R009547,0.411705,1
R000330,0.337808,1
R003865,0.201039,0
R004084,0.128545,0
R004363,0.375569,1
R007021,0.307772,0
R007605,0.516635,1
R009592,0.479536,1
R009807,0.335725,1
R001412,0.494769,1
R005683,0.507978,1
R006203,0.567214,1
R007509,0.291213,0
R008144,0.159508,0
R000031,0.52039,1
R000381,0.118937,0
R002009,0.554396,1
R002206,0.279589,0
R002488,0.280612,0
R003589,0.163359,0
R004094,0.509111,1
R004965,0.579175,1
R006248,0.527013,1
R006418,0.45832,1
R009688,0.315152,0
R000373,0.535373,1
R002516,0.411901,1
R002707,0.165233,0
R003873,0.346418,1
R004364,0.526496,1
R008372,0.187561,0
R008839,0.428654,1
R009121,0.543306,1
R004703,0.690173,1
R004962,0.568274,1
R005079,0.526037,1
R005550,0.143504,0
R005813,0.475276,1
R006077,0.584115,1
R008167,0.378116,1
R002326,0.50994,1
R002339,0.286265,0
R002683,0.167522,0
R005274,0.358343,1
R005891,0.590849,1
R007903,0.120449,0
R008137,0.202851,0
R000313,0.482647,1
R003005,0.174124,0
R004433,0.061274,0
R004930,0.171508,0
R005939,0.472779,1
R006545,0.195529,0
R008216,0.378678,1
R000374,0.553487,1
R002050,0.524355,1
R002699,0.266178,0
R002939,0.558266,1
R003939,0.588633,1
R006524,0.135213,0
R007289,0.45465,1
R008103,0.306901,0
R008691,0.321416,0
R002340,0.59674,1
R003283,0.416406,1
R004370,0.173893,0
R005927,0.360019,1
R005971,0.063725,0
R006357,0.269947,0
R008855,0.223676,0
R000269,0.527845,1
R000289,0.222849,0
R000890,0.267745,0
R002018,0.571214,1
R003603,0.411342,1
R005819,0.438283,1
R007259,0.425301,1
R007617,0.187409,0
R008129,0.553006,1
R008383,0.454019,1
R008741,0.125174,0
R009306,0.380426,1
R000054,0.531602,1
R001253,0.20631,0
R003425,0.16811,0
R004919,0.665299,1
R006263,0.238117,0
R006313,0.615619,1
R009140,0.311926,0
R000546,0.16525,0
R001404,0.373312,1
R002987,0.114817,0
R003018,0.514856,1
R003641,0.325475,0
R003818,0.456521,1
R005957,0.293658,0
R006556,0.570753,1
R008877,0.14542,0
R009495,0.228442,0
R009496,0.356253,1
R009715,0.324401,0
R009752,0.463568,1
R001469,0.173498,0
R002028,0.405105,1
R003101,0.500149,1
R004023,0.193778,0
R006063,0.174278,0
R006150,0.568547,1
R009702,0.426438,1
R000072,0.457191,1
R000725,0.212954,0
R001568,0.567742,1
R006920,0.396978,1
R008405,0.461519,1
R000318,0.424409,1
R003056,0.416805,1
R003467,0.353139,1
R006036,0.199237,0
R007348,0.381689,1
R007482,0.370305,1
R007483,0.567262,1
R007621,0.701178,1
R007890,0.449815,1
R008711,0.523144,1
R009767,0.165299,0
R001884,0.307912,0
R002946,0.177002,0
R005074,0.392854,1
R005530,0.571042,1
R006512,0.458567,1
R007975,0.19289,0
R008356,0.111574,0
R008684,0.502204,1
R008960,0.538268,1
R000312,0.186442,0
R001024,0.347966,1
R001570,0.518237,1
R002019,0.55346,1
R002291,0.269624,0
R003093,0.513321,1
R003202,0.287821,0
R004407,0.384521,1
R006157,0.442152,1
R006227,0.60618,1
R007274,0.570118,1
R008195,0.594008,1
R008518,0.468182,1
R009319,0.518857,1
R009396,0.45325,1
R000272,0.450056,1
R000511,0.241247,0
R001138,0.395684,1
R005641,0.169273,0
R005667,0.390578,1
R007700,0.51578,1
R008376,0.162629,0
R008656,0.51855,1
R008889,0.545269,1
R009128,0.337724,1
R001347,0.458608,1
R001616,0.245796,0
R003464,0.419474,1
R003533,0.636684,1
R003755,0.37063,1
R003886,0.476513,1
R005596,0.364729,1
R006618,0.135683,0
R006765,0.273952,0
R000635,0.406045,1
R002093,0.453905,1
R004392,0.491665,1
R006323,0.490204,1
R007754,0.244214,0
R008989,0.581134,1
R009434,0.132896,0
R004426,0.223656,0
R004580,0.237019,0
R006408,0.222993,0
R007439,0.178147,0
R007513,0.518451,1
R009542,0.578385,1
R001075,0.234657,0
R001748,0.410806,1
R002526,0.152702,0
R002545,0.512554,1
R002631,0.277914,0
R005066,0.266359,0
R007290,0.344679,1
R007382,0.478023,1
R007772,0.323521,0
R009955,0.481809,1
R001551,0.426843,1
R003717,0.41484,1
R005647,0.57796,1
R006568,0.445488,1
R006857,0.59618,1
R006861,0.539814,1
R007105,0.256883,0
R008010,0.324784,0
R008029,0.50672,1
R008546,0.260602,0
R009782,0.114631,0
R000907,0.569426,1
R001155,0.51744,1
R003920,0.160617,0
R005738,0.249825,0
R008496,0.203224,0
R008678,0.114609,0
R009450,0.570668,1
R009677,0.532803,1
R001867,0.194947,0
R003972,0.330344,1
R005116,0.42715,1
R005781,0.398467,1
R006103,0.511965,1
R007697,0.522957,1
R008068,0.222427,0
R000781,0.439491,1
R002665,0.434368,1
R005537,0.443068,1
R005761,0.13594,0
R006635,0.376257,1
R006651,0.107107,0
R006685,0.107694,0
R007215,0.564241,1
R008871,0.201403,0
R009089,0.400792,1
R009548,0.12137,0
R001008,0.501338,1
R001262,0.504103,1
R001464,0.420671,1
R001506,0.498606,1
R002492,0.555583,1
R002806,0.317559,0
R003359,0.547841,1
R003389,0.195011,0
R003678,0.508226,1
R004505,0.137364,0
R005675,0.30589,0
R006111,0.469924,1
R007876,0.464363,1
R009507,0.153461,0
R009851,0.501237,1
R001087,0.584773,1
R008126,0.407735,1
R009959,0.358261,1
R000482,0.426956,1
R000938,0.487244,1
R001688,0.605803,1
R001878,0.2209,0
R002101,0.553529,1
R002286,0.541613,1
R002729,0.191212,0
R002756,0.41239,1
R004424,0.277621,0
R009062,0.184709,0
R001243,0.477428,1
R001911,0.235638,0
R001968,0.666797,1
R002182,0.440635,1
R002776,0.414171,1
R003443,0.171849,0
R006510,0.377986,1
R006898,0.232961,0
R007284,0.216704,0
R008544,0.351031,1
R009237,0.562744,1
R009673,0.568906,1
R009722,0.37692,1
R002049,0.434024,1
R002081,0.553789,1
R008739,0.588344,1
R009272,0.291283,0
R000115,0.445282,1
R000250,0.215663,0
R000951,0.211177,0
R001595,0.449403,1
R003082,0.362964,1
R003742,0.138705,0
R004819,0.239034,0
R005126,0.592882,1
R005467,0.609266,1
R006127,0.492782,1
R007327,0.397591,1
R007726,0.165781,0
R008181,0.463513,1
R005025,0.2383,0
R005499,0.318247,0
R005520,0.263652,0
R007319,0.449914,1
R000627,0.506716,1
R001538,0.443402,1
R004513,0.393097,1
R004550,0.117072,0
R005435,0.428272,1
R006624,0.446484,1
R007004,0.481313,1
R009346,0.374859,1
R000540,0.570574,1
R000842,0.418573,1
R001993,0.519974,1
R003081,0.356627,1
R004180,0.469255,1
R005083,0.347557,1
R005833,0.178124,0
R007623,0.371316,1
R007953,0.730422,1
R008342,0.630176,1
R008793,0.422767,1
R000324,0.508676,1
R001328,0.565127,1
R001339,0.643546,1
R002348,0.427362,1
R005151,0.26564,0
R005284,0.498856,1
R005882,0.145894,0
R006591,0.491567,1
R006785,0.447518,1
R008636,0.455848,1
R000665,0.244078,0
R000925,0.182191,0
R002138,0.559473,1
R003070,0.588276,1
R005461,0.457234,1
R005815,0.233021,0
R007845,0.299335,0
R008333,0.440338,1
R009256,0.450755,1
R000952,0.440692,1
R001295,0.481306,1
R001979,0.130098,0
R002820,0.307986,0
R003571,0.172031,0
R003634,0.542407,1
R006086,0.266351,0
R007228,0.354453,1
R007956,0.251447,0
R000188,0.270349,0
R000634,0.41767,1
R002764,0.649912,1
R003541,0.298165,0
R007271,0.510671,1
R008406,0.231931,0
R004679,0.517942,1
R005549,0.330613,1
R005685,0.257439,0
R006970,0.56677,1
R007286,0.510366,1
R007490,0.430308,1
R000748,0.343483,1
R002647,0.47004,1
R003025,0.155732,0
R006523,0.318702,0
R007059,0.215364,0
R007813,0.511833,1
R009205,0.341246,1
R001221,0.552046,1
R001265,0.39314,1
R002056,0.427418,1
R003463,0.435273,1
R004414,0.499736,1
R005509,0.494608,1
R006705,0.49295,1
R008450,0.207706,0
R009007,0.257778,0
R009228,0.259218,0
R001682,0.339864,1
R004626,0.13274,0
R004706,0.41964,1
R004741,0.233271,0
R004842,0.397335,1
R002553,0.448881,1
R004715,0.279826,0
R006814,0.548007,1
R007701,0.472989,1
R001264,0.40088,1
R001365,0.371289,1
R003174,0.55699,1
R003207,0.61153,1
R003746,0.31011,0
R003954,0.305714,0
R004913,0.45589,1
R005204,0.17655,0
R005360,0.536743,1
R006383,0.253488,0
R007674,0.102114,0
R001353,0.242956,0
R002128,0.592589,1
R002612,0.55969,1
R003525,0.356438,1
R003951,0.54104,1
R004471,0.578027,1
R008092,0.159457,0
R008315,0.324698,0
R009106,0.403411,1
R000905,0.451994,1
R002824,0.589058,1
R004164,0.428731,1
R005186,0.514592,1
R008176,0.143077,0
R001017,0.470572,1
R003803,0.455238,1
R004158,0.557518,1
R004403,0.517459,1
R005344,0.498789,1
R005427,0.407483,1
R006015,0.231096,0
R008286,0.198169,0
R008289,0.501803,1
R009282,0.481316,1
R009451,0.554824,1
R000248,0.206318,0
R000337,0.504138,1
R002888,0.383881,1
R003706,0.467842,1
R005283,0.302328,0
R006085,0.244694,0
R006092,0.10888,0
R008194,0.341338,1
R008377,0.395217,1
R009474,0.319379,0
R000160,0.098242,0
R002413,0.522478,1
R005473,0.160784,0
R007108,0.366398,1
R009257,0.531659,1
R000780,0.280634,0
R003624,0.203159,0
R003728,0.492086,1
R004120,0.403089,1
R005092,0.466959,1
R005484,0.461321,1
R005796,0.464559,1
R006699,0.540154,1
R001807,0.378449,1
R001916,0.490317,1
R002890,0.173444,0
R003574,0.228405,0
R003926,0.268829,0
R004097,0.314114,0
R004274,0.478534,1
R005970,0.47655,1
R005995,0.19267,0
R009944,0.419796,1
R000449,0.347179,1
R001686,0.269022,0
R001959,0.498469,1
R003488,0.397289,1
R004128,0.536648,1
R006149,0.381899,1
R006820,0.411559,1
R008120,0.445809,1
R009317,0.52235,1
R000310,0.273451,0
R001477,0.374153,1
R002109,0.400229,1
R003001,0.490841,1
R003484,0.217578,0
R003990,0.466992,1
R006992,0.612051,1
R009090,0.389854,1
R009171,0.18932,0
R000577,0.594326,1
R001023,0.478857,1
R004690,0.692342,1
R005004,0.439926,1
R005139,0.548932,1
R005243,0.528795,1
R005696,0.29664,0
R006848,0.479291,1
R000216,0.467014,1
R002681,0.14735,0
R003519,0.339353,1
R006716,0.220568,0
R009360,0.524882,1
R000131,0.355638,1
R003523,0.206167,0
R003854,0.494053,1
R005497,0.277222,0
R006363,0.452735,1
R007992,0.454991,1
R009175,0.161034,0
R000385,0.309955,0
R000438,0.099611,0
R003336,0.38794,1
R004697,0.469372,1
R005848,0.61873,1
R005972,0.359802,1
R008619,0.41358,1
R001523,0.624875,1
R003048,0.424088,1
R003622,0.423289,1
R004208,0.520396,1
R005915,0.460915,1
R006158,0.635488,1
R009906,0.487285,1
R001623,0.138474,0
R002045,0.285987,0
R002743,0.427699,1
R004462,0.538464,1
R005854,0.625473,1
R006068,0.549805,1
R008841,0.328813,0
R008892,0.338603,1
R008936,0.266123,0
R000574,0.519534,1
R002763,0.303975,0
R003375,0.166338,0
R003492,0.54513,1
R003988,0.356998,1
R004938,0.483764,1
R005015,0.518082,1
R005038,0.329805,0
R009971,0.110248,0
R009985,0.422424,1
R000621,0.353995,1
R000673,0.205953,0
R002777,0.532935,1
R003481,0.29696,0
R003552,0.507814,1
R004107,0.407044,1
R006034,0.481115,1
R006810,0.427334,1
R007114,0.508648,1
R008933,0.258879,0
R009353,0.344491,1
R009743,0.453519,1
R000339,0.501269,1
R005006,0.139606,0
R006002,0.658132,1
R007360,0.203879,0
R008175,0.577584,1
R008730,0.404101,1
R009181,0.534311,1
R009472,0.647565,1
R009517,0.423774,1
R000180,0.161803,0
R001039,0.49869,1
R001069,0.311591,0
R004798,0.287156,0
R004801,0.3931,1
R005887,0.438831,1
R006457,0.44271,1
R006594,0.423672,1
R006755,0.553322,1
R008320,0.27533,0
R009397,0.354219,1
R009445,0.153651,0
R000848,0.315708,0
R000937,0.52902,1
R002632,0.177782,0
R003139,0.415567,1
R005229,0.193776,0
R007612,0.430291,1
R007949,0.472043,1
R009447,0.285253,0
R009634,0.371564,1
R000239,0.516316,1
R000614,0.416493,1
R001801,0.497252,1
R002364,0.478658,1
R002469,0.517342,1
R004214,0.506539,1
R005313,0.16977,0
R005490,0.537154,1
R005938,0.513317,1
R006662,0.327948,0
R007187,0.332514,1
R007467,0.301519,0
R001364,0.441571,1
R001999,0.428829,1
R002015,0.122885,0
R004470,0.159064,0
R005521,0.14236,0
R006966,0.363432,1
R008481,0.482498,1
R002487,0.38857,1
R002919,0.373959,1
R003811,0.296017,0
R005669,0.423285,1
R007064,0.244345,0
R007339,0.162457,0
R008392,0.377985,1
R008624,0.533843,1
R002713,0.32567,0
R007293,0.519403,1
R007440,0.166652,0
R007833,0.56129,1
R008214,0.46048,1
R002540,0.366828,1
R003253,0.51594,1
R005403,0.437805,1
R006735,0.588569,1
R007137,0.354264,1
R002969,0.559579,1
R003370,0.451303,1
R003451,0.466114,1
R005751,0.417549,1
R005752,0.156381,0
R006090,0.218653,0
R007394,0.290999,0
R008273,0.300806,0
R008861,0.209296,0
R009586,0.423886,1
R000502,0.138744,0
R000537,0.400944,1
R002797,0.656527,1
R004143,0.246994,0
R005959,0.478297,1
R007574,0.167914,0
R008786,0.547298,1
R008904,0.349699,1
R000364,0.371509,1
R001273,0.511039,1
R002589,0.628039,1
R003586,0.215278,0
R003880,0.343845,1
R004756,0.693945,1
R006414,0.302748,0
R006601,0.631342,1
R007885,0.326158,0
R008430,0.247096,0
R008803,0.432108,1
R009241,0.280299,0
R009558,0.508195,1
R009631,0.313929,0
R000345,0.418372,1
R001454,0.243181,0
R003058,0.275863,0
R003683,0.589825,1
R004126,0.456933,1
R004484,0.551667,1
R005029,0.229113,0
R005214,0.656754,1
R005829,0.262123,0
R006096,0.319693,0
R007652,0.496241,1
R007722,0.328962,0
R008631,0.600922,1
R009632,0.370128,1
R001577,0.294503,0
R004686,0.516986,1
R006116,0.561332,1
R007797,0.453977,1
R009701,0.368101,1
R001809,0.54134,1
R001853,0.67612,1
R001903,0.217156,0
R002717,0.407283,1
R004420,0.453483,1
R005119,0.616659,1
R005587,0.334393,1
R007762,0.481853,1
R008013,0.204565,0
R008992,0.466122,1
R009536,0.405266,1
R009680,0.424931,1
R000183,0.287282,0
R000386,0.405474,1
R001244,0.437969,1
R002587,0.506359,1
R005722,0.451666,1
R007898,0.555032,1
R008160,0.299263,0
R008422,0.31381,0
R008848,0.471255,1
R009869,0.571711,1
